{"cameraMode":{"drawMode":0,"name":"Shaded","section":"Shading Mode"},"sceneLighting":true,"audioPlay":false,"sceneViewState":{"showFog":false,"showMaterialUpdate":false,"showSkybox":true,"showFlares":true,"showImageEffects":true,"showParticleSystems":true},"in2DMode":false,"pivot":{"x":0.12012243270874024,"y":1.9821323156356812,"z":2.77536678314209},"rotation":{"x":0.09138187021017075,"y":0.1943846195936203,"z":-0.01819208636879921,"w":0.9764949679374695},"size":8.671655654907227,"orthographic":false}