{"cameraMode":{"drawMode":0,"name":"Shaded","section":"Shading Mode"},"sceneLighting":true,"audioPlay":false,"sceneViewState":{"showFog":false,"showMaterialUpdate":false,"showSkybox":true,"showFlares":true,"showImageEffects":true,"showParticleSystems":true},"in2DMode":false,"pivot":{"x":-0.04667472839355469,"y":-0.03352642059326172,"z":6.0373430252075199},"rotation":{"x":0.16912274062633515,"y":-0.12383285164833069,"z":0.021423043683171274,"w":0.9775550365447998},"size":15.182097434997559,"orthographic":false}