{"cameraMode":{"drawMode":0,"name":"Shaded","section":"Shading Mode"},"sceneLighting":true,"audioPlay":false,"sceneViewState":{"showFog":false,"showMaterialUpdate":false,"showSkybox":true,"showFlares":true,"showImageEffects":true,"showParticleSystems":true},"in2DMode":false,"pivot":{"x":746.185302734375,"y":403.4275817871094,"z":65.4774169921875},"rotation":{"x":0.05257202684879303,"y":0.08974901586771012,"z":-0.004745292942970991,"w":0.994573175907135},"size":1025.03271484375,"orthographic":false}