{"cameraMode":{"drawMode":0,"name":"Shaded","section":"Shading Mode"},"sceneLighting":true,"audioPlay":false,"sceneViewState":{"showFog":false,"showMaterialUpdate":false,"showSkybox":true,"showFlares":true,"showImageEffects":true,"showParticleSystems":true},"in2DMode":false,"pivot":{"x":617.9371948242188,"y":370.99761962890627,"z":149.816650390625},"rotation":{"x":0.04379580542445183,"y":-0.004500542301684618,"z":0.00019646422879304737,"w":0.999035656452179},"size":1022.9569091796875,"orthographic":false}