{"cameraMode":{"drawMode":0,"name":"Shaded","section":"Shading Mode"},"sceneLighting":false,"audioPlay":false,"sceneViewState":{"showFog":false,"showMaterialUpdate":false,"showSkybox":false,"showFlares":true,"showImageEffects":true,"showParticleSystems":true},"in2DMode":false,"pivot":{"x":-0.31432437896728518,"y":2.978912830352783,"z":1.2620210647583008},"rotation":{"x":0.11993615329265595,"y":0.037215471267700198,"z":-0.004500214010477066,"w":0.9920785427093506},"size":5.7157673835754398,"orthographic":false}