{"cameraMode":{"drawMode":0,"name":"Shaded","section":"Shading Mode"},"sceneLighting":true,"audioPlay":false,"sceneViewState":{"showFog":false,"showMaterialUpdate":false,"showSkybox":true,"showFlares":true,"showImageEffects":true,"showParticleSystems":true},"in2DMode":false,"pivot":{"x":-0.4225788414478302,"y":1.5166254043579102,"z":3.0712881088256838},"rotation":{"x":0.3341689109802246,"y":-0.021209504455327989,"z":0.007520250044763088,"w":0.9422542452812195},"size":21.810409545898439,"orthographic":false}